{
    "name": "custom.remote.python.webhook",
    "metricGroup": "tech.webhook",
    "version": "1.0",
    "type": "python",
    "entity": "CUSTOM_DEVICE",
    "processTypeNames": [
        "PYTHON"
    ],
    "technologies": [
        "Webhook"
    ],
    "source": {
        "package": "internal_webhook",
        "className": "InternalWebhook",
        "activation": "Remote"
    },
    "metrics": [
        {
            "entity": "CUSTOM_DEVICE",
            "timeseries": {
                "key": "webhook.notification.success",
                "unit": "Count",
                "displayname": "Webhook notification success",
                "dimensions": []
            }
        },

        {
            "entity": "CUSTOM_DEVICE",
            "timeseries": {
                "key": "webhook.notification.failed",
                "unit": "Count",
                "displayname": "Webhook notification failed",
                "dimensions": []
            }
        }
	],
    "ui": {
        "keymetrics": [
            {
                "key": "webhook.notification.success",
                "displayname": "Webhook notification success"
            },
            {
                "key": "webhook.notification.failed",
                "displayname": "Webhook notification failed"
            }
        ],
        "keycharts": [
            {
                "group": "Notification",
                "title": "Webhook notification success",
                "series": [
                    {
						"key": "webhook.notification.success",
						"displayname": "Success"
                    }
                ]
            },

            {
                "group": "Notification",
                "title": "Webhook notification failed",
                "series": [
                    {
						"key": "webhook.notification.failed",
						"displayname": "Failed"
                    }
                ]
            }
		]
    },
    "properties": [
        {
            "key": "WebhookName",
            "type": "String",
			"defaultValue": "Demo"
        },        {
            "key": "Tenant",
            "type": "String",
			"defaultValue": "https://xxx.live.dynatrace.com"
        },
        {
            "key": "Token",
            "type": "Password"
        },
        {
            "key": "AlertingProfile",
            "type": "String",
			"defaultValue": "Default"

        },
        {
            "key": "WebhookUrl",
            "type": "String"

        },
        {
            "key": "CustomPayload",
            "type": "TextArea"
		},
        {
            "key": "Proxy",
            "type": "Boolean",
            "defaultValue": false
        },
        {
            "key": "proxyuser",
            "type": "String"
        },
		{
            "key": "base64creds",
            "type": "Password"
        },
        {
            "key": "proxy_address",
            "type": "String"
        },
        {
            "key": "proxy_port",
            "type": "String"
        },
        {
            "key": "proxypass",
            "type": "Password"

        },
       {
            "key": "Test",
            "type": "Boolean",
            "defaultValue": false
        },
        {
            "key": "debug",
            "type": "Boolean",
            "defaultValue": false
        }
    ],
    "configUI": {
        "displayName": "Webhook notifiation from ActiveGate",
        "properties": [
		    {
                "key": "WebhookName",
                "displayName": "CustomDevice Name",
                "displayOrder": 1
            },
            {
                "key": "Tenant",
                "displayName": "Saas tenant",
                "displayOrder": 2
            },
            {
                "key": "Token",
                "displayName": "Token",
                "displayHint": "Scope problems.read and problems.write",
                "displayOrder": 3
            },
            {
                "key": "AlertingProfile",
                "displayName": "AlertingProfile name",
                "displayOrder": 4
            },
            {
                "key": "WebhookUrl",
                "displayName": "WebhookUrl",
                "displayOrder": 5
            },
            {
                "key": "CustomPayload",
                "displayName": "CustomPayload",
                "displayOrder": 6
            },
            {
                "key": "Proxy",
                "displayName": "Enable proxy",
                "displayOrder": 7
            },
            {
                "key": "proxyuser",
                "displayName": "proxyuser",
                "displayOrder": 8
            },
            {
                "key": "base64creds",
                "displayName": "base64creds",
                "displayOrder": 9
            },
            {
                "key": "proxy_address",
                "displayName": "proxy_address",
                "displayOrder": 10
            },
            {
                "key": "proxy_port",
                "displayName": "proxy_port",
                "displayOrder": 11
            },
            {
                "key": "proxypass",
                "displayName": "proxypass",
                "displayOrder": 12
            },
            {
                "key": "Test",
                "displayName": "Sent a test notification to the webhook url",
                "displayOrder": 13
            },
            {
                "key": "debug",
                "displayName": "Enable debug logging",
                "displayOrder": 14
            }
        ]
    }
}